Workbook

Sheet 📋 검수 체크리스트
A1: HTML 납품 QC 체크리스트
A2: 각 제품(GA 코드)별로 7단계 검수 상태를 기록합니다. 상태 칸을 클릭하면 드롭다운으로 선택할 수 있습니다.
A4: GA 코드 | B4: 제품명 | C4: 납품 예정일 | D4: 담당자 | E4: 1. HTML 포맷 | F4: 2. 이미지 1차 | G4: 3. 한국어 검수 | H4: 4. TM 검수 | I4: 5. 이미지 2차 | J4: 6. 번역 검수 | K4: 7. 최종 QC | L4: 진행률 | M4: 최종 상태 | N4: 이슈/메모 | O4: HTML Checker 링크
A5: 기본 정보 | B5: 기본 정보 | C5: 기본 정보 | D5: 기본 정보 | E5: 수기 입력 | F5: 수기 입력 | G5: 🤖 자동 | H5: 🤖 자동 | I5: 수기 입력 | J5: 수기 입력 | K5: 수기 입력 | L5: ƒ 자동 계산 | M5: ƒ 자동 계산 | N5: 필요 시 기재 | O5: 도구 링크
A6: GA260237605 | B6: 바이오힐보 프로바이오덤 콜라겐 리모델링 라인 | C6: 2026-06-15 | D6: 김OO | E6: 완료 | F6: 완료 | G6: 완료 | H6: 완료 | I6: 진행중 | J6: 대기 | K6: 대기 | L6: =IF(A6="","",IFERROR(COUNTIF(E6:K6,"완료")/7,0)) -> 0.57142857 | M6: =IF(A6="","",IF(COUNTIF(E6:K6,"이슈")>0,"⚠ 이슈",IF(COUNTIF(E6:K6,"완료")=7,"✅ 완료",IF(COUNTIF(E6:K6,"진행중")>0,"🔄 진행중","⏳ 대기")))) -> 🔄 진행중 | N6: 이미지 2차 - 폰트 사이즈 조정 필요 | O6: 앱 열기
L7: =IF(A7="","",IFERROR(COUNTIF(E7:K7,"완료")/7,0)) | M7: =IF(A7="","",IF(COUNTIF(E7:K7,"이슈")>0,"⚠ 이슈",IF(COUNTIF(E7:K7,"완료")=7,"✅ 완료",IF(COUNTIF(E7:K7,"진행중")>0,"🔄 진행중","⏳ 대기")))) | O7: 앱 열기
L8: =IF(A8="","",IFERROR(COUNTIF(E8:K8,"완료")/7,0)) | M8: =IF(A8="","",IF(COUNTIF(E8:K8,"이슈")>0,"⚠ 이슈",IF(COUNTIF(E8:K8,"완료")=7,"✅ 완료",IF(COUNTIF(E8:K8,"진행중")>0,"🔄 진행중","⏳ 대기")))) | O8: 앱 열기
L9: =IF(A9="","",IFERROR(COUNTIF(E9:K9,"완료")/7,0)) | M9: =IF(A9="","",IF(COUNTIF(E9:K9,"이슈")>0,"⚠ 이슈",IF(COUNTIF(E9:K9,"완료")=7,"✅ 완료",IF(COUNTIF(E9:K9,"진행중")>0,"🔄 진행중","⏳ 대기")))) | O9: 앱 열기
L10: =IF(A10="","",IFERROR(COUNTIF(E10:K10,"완료")/7,0)) | M10: =IF(A10="","",IF(COUNTIF(E10:K10,"이슈")>0,"⚠ 이슈",IF(COUNTIF(E10:K10,"완료")=7,"✅ 완료",IF(COUNTIF(E10:K10,"진행중")>0,"🔄 진행중","⏳ 대기")))) | O10: 앱 열기
L11: =IF(A11="","",IFERROR(COUNTIF(E11:K11,"완료")/7,0)) | M11: =IF(A11="","",IF(COUNTIF(E11:K11,"이슈")>0,"⚠ 이슈",IF(COUNTIF(E11:K11,"완료")=7,"✅ 완료",IF(COUNTIF(E11:K11,"진행중")>0,"🔄 진행중","⏳ 대기")))) | O11: 앱 열기
L12: =IF(A12="","",IFERROR(COUNTIF(E12:K12,"완료")/7,0)) | M12: =IF(A12="","",IF(COUNTIF(E12:K12,"이슈")>0,"⚠ 이슈",IF(COUNTIF(E12:K12,"완료")=7,"✅ 완료",IF(COUNTIF(E12:K12,"진행중")>0,"🔄 진행중","⏳ 대기")))) | O12: 앱 열기
L13: =IF(A13="","",IFERROR(COUNTIF(E13:K13,"완료")/7,0)) | M13: =IF(A13="","",IF(COUNTIF(E13:K13,"이슈")>0,"⚠ 이슈",IF(COUNTIF(E13:K13,"완료")=7,"✅ 완료",IF(COUNTIF(E13:K13,"진행중")>0,"🔄 진행중","⏳ 대기")))) | O13: 앱 열기
L14: =IF(A14="","",IFERROR(COUNTIF(E14:K14,"완료")/7,0)) | M14: =IF(A14="","",IF(COUNTIF(E14:K14,"이슈")>0,"⚠ 이슈",IF(COUNTIF(E14:K14,"완료")=7,"✅ 완료",IF(COUNTIF(E14:K14,"진행중")>0,"🔄 진행중","⏳ 대기")))) | O14: 앱 열기
L15: =IF(A15="","",IFERROR(COUNTIF(E15:K15,"완료")/7,0)) | M15: =IF(A15="","",IF(COUNTIF(E15:K15,"이슈")>0,"⚠ 이슈",IF(COUNTIF(E15:K15,"완료")=7,"✅ 완료",IF(COUNTIF(E15:K15,"진행중")>0,"🔄 진행중","⏳ 대기")))) | O15: 앱 열기
L16: =IF(A16="","",IFERROR(COUNTIF(E16:K16,"완료")/7,0)) | M16: =IF(A16="","",IF(COUNTIF(E16:K16,"이슈")>0,"⚠ 이슈",IF(COUNTIF(E16:K16,"완료")=7,"✅ 완료",IF(COUNTIF(E16:K16,"진행중")>0,"🔄 진행중","⏳ 대기")))) | O16: 앱 열기
L17: =IF(A17="","",IFERROR(COUNTIF(E17:K17,"완료")/7,0)) | M17: =IF(A17="","",IF(COUNTIF(E17:K17,"이슈")>0,"⚠ 이슈",IF(COUNTIF(E17:K17,"완료")=7,"✅ 완료",IF(COUNTIF(E17:K17,"진행중")>0,"🔄 진행중","⏳ 대기")))) | O17: 앱 열기
L18: =IF(A18="","",IFERROR(COUNTIF(E18:K18,"완료")/7,0)) | M18: =IF(A18="","",IF(COUNTIF(E18:K18,"이슈")>0,"⚠ 이슈",IF(COUNTIF(E18:K18,"완료")=7,"✅ 완료",IF(COUNTIF(E18:K18,"진행중")>0,"🔄 진행중","⏳ 대기")))) | O18: 앱 열기
... L35: =IF(A35="","",IFERROR(COUNTIF(E35:K35,"완료")/7,0)) | M35: =IF(A35="","",IF(COUNTIF(E35:K35,"이슈")>0,"⚠ 이슈",IF(COUNTIF(E35:K35,"완료")=7,"✅ 완료",IF(COUNTIF(E35:K35,"진행중")>0,"🔄 진행중","⏳ 대기")))) | O35: 앱 열기

Sheet 📑 단계별 상세
A1: 단계별 상세 체크 항목
A2: 각 단계에서 무엇을 확인해야 하는지, 자동화 가능 여부와 사용 도구를 정리.
A4: 단계 | B4: 단계명 | C4: 주요 체크 항목 | D4: 자동화 | E4: 사용 도구 / 가이드
A5: ① | B5: HTML 포맷 검수 | C5: • HTML 파일이 정상적으로 생성되었는지 확인 • EN/JA/KR 3개 파일이 모두 존재하는지 확인 • 파일명 규약 준수 여부 (_en_, _ja_, _origin_ 패턴) • 인코딩(UTF-8) 정상 여부 — 한국어/일본어 깨짐 없음 • 브라우저에서 정상 렌더링되는지 확인 | D5: 수기 | E5: 브라우저 / HTML Checker
A6: ② | B6: 이미지 1차 검수 | C6: • 공유된 통합 작업 가이드 기준으로 진행 • 제거 대상 이미지 발견 시 제거/수정/문의 분기 • 예: 기획상품, 일반인 사진, 한정 이벤트, 연휴 배송안내 등 • KO 원본 대비 누락 여부 확인 (이미지가 번역본에서 빠졌는지) | D6: 수기 | E6: HTML Checker (KO 원본 토글) · 작업 가이드
A7: ③ | B7: 한국어 텍스트 유무 검수 | C7: • 미번역 한국어 텍스트가 EN/JA 번역본에 섞여 있는지 자동 탐지 • 룰베이스(정규식 [가-힣]+) 기반 자동화 — 휴먼에러 0 • 헤더 ⚠ 배지 / 드롭다운 자동 노출 • 미니맵 펄스 마커 + 좌측 ⚠ 기호로 위치 즉시 확인 • CSV 내보내기로 결과 기록 | D7: 🤖 자동 | E7: HTML Checker · 한국어 자동 탐지
A8: ④ | B8: TM/금지어/대체어 검수 | C8: • 공식 TM(Translation Memory) 적용 여부 자동 검수 • 룰베이스 기반 — 기준어 정상 등록 시 휴먼에러 0 • 정규화: 줄바꿈 / 일본어 전각↔반각 / 공백 / 대소문자 / ひら↔カタ • 최대 10개 검색어 동시 색상별 표시 • Pill 클릭 필터링으로 결과 좁히기 • EN/JA 매칭 차이는 ▶ 표시로 즉시 발견 • 검색 히스토리 자동 저장 (재사용 용이) | D8: 🤖 자동 | E8: HTML Checker · TM 다중 검색 · 백오피스 TM 리스트
A9: ⑤ | B9: 이미지 2차 검수 | C9: • 통합 작업 가이드 기준 디자인 검수 진행 • 텍스트 부분 속성 (강조, 색상, 굵기 등) 일관성 확인 • 폰트 사이즈 / 줄 간격 / 자간 • 톤앤무드가 KO 원본과 흡사하게 유지되는지 확인 • 이미지 정렬 / 패딩 / 마진 검수 | D9: 수기 | E9: HTML Checker (KO 원본 비교) · 작업 가이드
A10: ⑥ | B10: 번역검수 | C10: • 라이트한 검수 — 눈에 띄는 오역 단어만 검수 • 어순 / 어색한 표현 / 명백한 의미 오류 위주 • 정밀 번역 검수는 별도 프로세스에서 수행 | D10: 수기 | E10: HTML Checker (2분할 비교 뷰)
A11: ⑦ | B11: 최종 QC 후 납품 | C11: • 가이드 기준 전체적인 검수 (다시 한 번 통합 확인) • ①~⑥ 결과 종합 검토 • 이슈가 모두 해결되었는지 재확인 • 납품 직전 마지막 게이트 | D11: 수기 | E11: HTML Checker · 통합 가이드

Sheet 📈 진행 현황
A1: 진행 현황 (자동 집계)
A2: ‹검수 체크리스트› 시트의 데이터를 자동으로 집계합니다.
A4: 전체 요약
A6: 총 제품 수 | B6: 완료 | C6: 진행중 | D6: 대기 | E6: 이슈
A7: =COUNTA('📋 검수 체크리스트'!A6:A35) -> 1 | B7: =COUNTIF('📋 검수 체크리스트'!M6:M35,"✅ 완료") -> 0 | C7: =COUNTIF('📋 검수 체크리스트'!M6:M35,"🔄 진행중") -> 1 | D7: =COUNTIF('📋 검수 체크리스트'!M6:M35,"⏳ 대기") -> 0 | E7: =COUNTIF('📋 검수 체크리스트'!M6:M35,"⚠ 이슈") -> 0
A10: 단계별 완료율
A12: 단계 | B12: 완료 | C12: 진행중 | D12: 대기 | E12: 이슈 | F12: 완료율
A13: 1. HTML 포맷 | B13: =COUNTIF('📋 검수 체크리스트'!E6:E35,"완료") -> 1 | C13: =COUNTIF('📋 검수 체크리스트'!E6:E35,"진행중") -> 0 | D13: =COUNTIF('📋 검수 체크리스트'!E6:E35,"대기") -> 0 | E13: =COUNTIF('📋 검수 체크리스트'!E6:E35,"이슈") -> 0 | F13: =IFERROR(COUNTIF('📋 검수 체크리스트'!E6:E35,"완료")/COUNTA('📋 검수 체크리스트'!A6:A35),0) -> 1
A14: 2. 이미지 1차 | B14: =COUNTIF('📋 검수 체크리스트'!F6:F35,"완료") -> 1 | C14: =COUNTIF('📋 검수 체크리스트'!F6:F35,"진행중") -> 0 | D14: =COUNTIF('📋 검수 체크리스트'!F6:F35,"대기") -> 0 | E14: =COUNTIF('📋 검수 체크리스트'!F6:F35,"이슈") -> 0 | F14: =IFERROR(COUNTIF('📋 검수 체크리스트'!F6:F35,"완료")/COUNTA('📋 검수 체크리스트'!A6:A35),0) -> 1
A15: 3. 한국어 검수 | B15: =COUNTIF('📋 검수 체크리스트'!G6:G35,"완료") -> 1 | C15: =COUNTIF('📋 검수 체크리스트'!G6:G35,"진행중") -> 0 | D15: =COUNTIF('📋 검수 체크리스트'!G6:G35,"대기") -> 0 | E15: =COUNTIF('📋 검수 체크리스트'!G6:G35,"이슈") -> 0 | F15: =IFERROR(COUNTIF('📋 검수 체크리스트'!G6:G35,"완료")/COUNTA('📋 검수 체크리스트'!A6:A35),0) -> 1
A16: 4. TM 검수 | B16: =COUNTIF('📋 검수 체크리스트'!H6:H35,"완료") -> 1 | C16: =COUNTIF('📋 검수 체크리스트'!H6:H35,"진행중") -> 0 | D16: =COUNTIF('📋 검수 체크리스트'!H6:H35,"대기") -> 0 | E16: =COUNTIF('📋 검수 체크리스트'!H6:H35,"이슈") -> 0 | F16: =IFERROR(COUNTIF('📋 검수 체크리스트'!H6:H35,"완료")/COUNTA('📋 검수 체크리스트'!A6:A35),0) -> 1
A17: 5. 이미지 2차 | B17: =COUNTIF('📋 검수 체크리스트'!I6:I35,"완료") -> 0 | C17: =COUNTIF('📋 검수 체크리스트'!I6:I35,"진행중") -> 1 | D17: =COUNTIF('📋 검수 체크리스트'!I6:I35,"대기") -> 0 | E17: =COUNTIF('📋 검수 체크리스트'!I6:I35,"이슈") -> 0 | F17: =IFERROR(COUNTIF('📋 검수 체크리스트'!I6:I35,"완료")/COUNTA('📋 검수 체크리스트'!A6:A35),0) -> 0
A18: 6. 번역 검수 | B18: =COUNTIF('📋 검수 체크리스트'!J6:J35,"완료") -> 0 | C18: =COUNTIF('📋 검수 체크리스트'!J6:J35,"진행중") -> 0 | D18: =COUNTIF('📋 검수 체크리스트'!J6:J35,"대기") -> 1 | E18: =COUNTIF('📋 검수 체크리스트'!J6:J35,"이슈") -> 0 | F18: =IFERROR(COUNTIF('📋 검수 체크리스트'!J6:J35,"완료")/COUNTA('📋 검수 체크리스트'!A6:A35),0) -> 0
A19: 7. 최종 QC | B19: =COUNTIF('📋 검수 체크리스트'!K6:K35,"완료") -> 0 | C19: =COUNTIF('📋 검수 체크리스트'!K6:K35,"진행중") -> 0 | D19: =COUNTIF('📋 검수 체크리스트'!K6:K35,"대기") -> 1 | E19: =COUNTIF('📋 검수 체크리스트'!K6:K35,"이슈") -> 0 | F19: =IFERROR(COUNTIF('📋 검수 체크리스트'!K6:K35,"완료")/COUNTA('📋 검수 체크리스트'!A6:A35),0) -> 0
A21: 전체 평균 | F21: =IFERROR(AVERAGEIF('📋 검수 체크리스트'!A6:A35,"<>",'📋 검수 체크리스트'!L6:L35),0) -> 0.57142857

Sheet ℹ️ 사용 가이드
A1: 사용 가이드
A3: 📋 시트 구성
A4: 검수 체크리스트 | B4: 각 제품(GA 코드)별 7단계 진행 상황을 기록하는 메인 시트
A5: 단계별 상세 | B5: 각 단계에서 확인해야 하는 항목과 자동화 여부, 사용 도구
A6: 진행 현황 | B6: 체크리스트의 데이터를 자동으로 집계 — 단계별 완료율 및 전체 평균
A7: 사용 가이드 | B7: 이 시트 — 사용법 + 색상 의미
A9: 🎨 상태 색상
A10: 대기 | B10: 아직 시작 전 (기본값)
A11: 진행중 | B11: 현재 작업 중
A12: 완료 | B12: 검수 완료 — 통과
A13: 이슈 | B13: 문제 발견 → 메모에 상세 기록 후 다음 단계 진입 보류
A14: N/A | B14: 해당 단계가 적용되지 않는 경우 (예: 이미지 없는 페이지)
A16: 🔄 워크플로우
A17: ① HTML 포맷 검수 → 정상 파일 생성 확인
A18: ② 이미지 1차 검수 → 작업 가이드 기준 제거/수정/문의 분기
A19: ③ 한국어 텍스트 검수 → 🤖 HTML Checker 자동 검출
A20: ④ TM/금지어/대체어 검수 → 🤖 HTML Checker 다중 검색
A21: ⑤ 이미지 2차 검수 → 디자인 가이드 적용 확인
A22: ⑥ 번역 검수 → 라이트한 오역 확인
A23: ⑦ 최종 QC → 가이드 기준 전체 통합 검수 → 납품
A25: 🔧 사용 도구
A26: HTML Checker (앱) | B26: https://blankers2.github.io/HTML-checker-dist/
A27: MIGRATION.md (도입 가이드) | B27: https://github.com/Blankers2/HTML-checker-dist/blob/main/MIGRATION.md
A28: pitch.html (소개 보고서) | B28: https://blankers2.github.io/HTML-checker-dist/pitch.html
A30: 💡 작성 팁
A31: 1. 한 행 = 한 제품. GA 코드 + 제품명을 먼저 입력.
A32: 2. 상태 칸을 클릭하면 드롭다운으로 [대기/진행중/완료/이슈/N/A] 선택.
A33: 3. ‹HTML Checker 링크› 열의 "앱 열기" 클릭 → 즉시 검수 도구 실행.
A34: 4. 이슈 발견 시 ‹이슈/메모› 열에 구체적으로 기록 (예: "⑤ 폰트 사이즈 12→14 조정 필요").
A35: 5. ‹진행률›, ‹최종 상태›는 자동 계산되니 수정하지 마세요.
A36: 6. 진행 현황 시트는 별도 작업 없이 자동으로 업데이트됩니다.
